chain_id,address,amount
8,CRKKCHVSACVPVIHB3NC7RKDZAGW26DBCFAUFWZENOI577YDHB7R3CQYCXI,1337
8,CYOHUNOF64VUXKQFJTVZCEHXOUKDP2R3F7VWZXI4FFSXQPNGORBHVCIIKA,1337
8,JXGJBKCX4GM7AOXEWMK3AEPLGP43GC74ZQ6YKZB3UYA5OB2WLZ5QK2WQ7E,1337
8,CBBADQNTCQNUR6KROVTPNNPRVL3Y6SRMMUQEFC4XKRZ7U7TEEZ7LBHUJZA,1337
8,2L5E2CWWIWJ4E4KXNKQHV3N7MR2PVUXNGEMRJ65FEEL3J4N7EIPRVRNS6A,1337
8,4242H3RQB7HW7UQB52DDJ6GD4N5W3CZPR2DHIGFZH3P5K2LJYJZHGVX66Y,1337
8,ZGZW5FPJUMATM5ZWLNAEZKZ2IMUTQGKUPWCJ3QI5RAETU6HB7QCZOAAGWA,1337
8,RRTHQJSUWLPKB7LBH3IFLF6GJHQPRJYPYX4OVM2ITURBC2T3D34DSTSNUM,1337
8,JJWIZCQHHQM3SEQ56ZUHA5VHH7IXUELC4M4NCDI6W43HE4XSBHZLMEWQI4,1337
8,ZHQ4QJH5SSSU3SQCN2NH2JCWM6EOOCA4JR5LARCWBXWKNTFGM2B6P35EKE,1337
8,LSYRVIAXKPQISJIY5DLVMOWCW22452WSTVOCIRS5TLJNRBQEXNQQ7XITXM,1337
8,HBKZMQYNSHYG2HGSIKSTZ2GLW6N5TUPHBJOSP4KIQE5ND46VTUNMIPRGQY,1337
8,A5LJME2PDW7L2G2JRGRQTA5HYQ6SES5OVFGXBMK4MNV65JOI4TGY7DIIYQ,1337
8,HBC6YC2KFBU32B4X6SUK7S3M42BZ2GW2VX7Q6OZTG4L6CXBURXEZPEZBGE,1337
8,NK5WHXWM5LQZPND3LFMU5YPKJF6EAOGX3EPXB7QAHCMHMMTEIMKNAMAZ5E,1337
8,67U5KADHBVT567TZTHOAPMEEKCMAYMRAWYLSLSGVM27BXUNQQSAH4YAXFY,1337
8,L6SB4WDJBPRMFI2ZR7JPOBKBBVSIBYTX76EIQ4V4XDNS4PRUMIJLCM3GKM,1337
8,RHZ643BWGDLYGF3WV3V7SPWY3LSBZNO36JOZIW6CTPNA7VFOPT77QDBHGQ,1337
8,HWD7G6OEFYGBLKXLWYD56PZJ3UTDH7RV2QA7DWJJEC5N7YYFZJKRY6NYBM,1337
8,CDKXPIQKFRPEDZEGWOAGYQZBCRTIL4DW4NGUST4L3CGL6SB4L2SFASFX3Y,1337
8,MA7EORURN35XB45WES6HDQRLSSYKAWV5I64E5I6SFXGFJBXPDFCNM2RBP4,1337
8,E2R57KTTSTNDBLCCL2OKODCX72LEAAS737TRIIDAL6JRLHSGP7YQO4ACLY,1337
8,HLXP7KYODAXMOEBQ3MVHXQWGK7C6VGKPTFDKUDJ272ZAXTHEMP47IW6ZUM,1337
8,UCGOI5B42YN75J3BTAHFU5INWUJ7GMHYISZ3OHLMMVM6GMM75KFRDV3KPM,1337
8,AUGJJ2IEUX4M4SBZSOX2QJP6L666X7FRK7P6K5455ARUX3MADAEGFX5J2A,1337
8,HL3EQUEANHLLBVMN55B56HYDQ6JU3ZPXOT55TPJVQLKJMOFRBPBEBWZJLA,1337
8,JQ5RUTNFT4VNGJRQ4XPD2UPBCHCSNZB3KSU2EPYDF2O3S3ABJJX2MUTMZQ,1337
8,7UMU4QH4XVJZYDF4UUMA4YTYO6TBT5IABIAUZFBFCU7HCN7HP65S3RHQBQ,1337
8,5ZKZTBAU2AJ7BRDF7SSUV7E5SLFXMMLNO2UMF3NC2HTFOML4EXEA72AXGA,1337
8,L4NJW2LHDTEGQJGEXJJCZIMNHK6BXNITHIFXBT32FPQ6WWRDZZ5Y6SN5XM,1337
8,E2QXOMUB2SLPWBLNAMLXI7I7UQC4XX7Z6XEFE7GCT7IFOYNI4BIC4LK7KQ,1337
8,HG7WOCCXFYBI6DFLI22JWOYAT3JVI2L4QIKYADGREVJ4PAYJWJAS5YCJAE,1337
8,ONGEOKQG52KN4Z2DASUARXLZ3MG5MSQTPBE2QILV6PB7IPYXU5BQD7WZAQ,1337
8,UIQOQGY77CMAGEN7XG6ZEYG5HADSFV5B3L45HJAHRDAEVAUNU7EWLDX7UQ,1337
8,Z7IL62XC2HD43ITBMPU2CFQMQEPJTLSYTXEAV67TCULZFDMRSCGSJCJD2Q,1337
8,TX4PAH7EBPUPHFZBN4YPFBGAXYEK624OUBTX7TLRWRCJGXNRCTHO52M5SM,1337
8,Z5FQNWIHH4EHNYDDAGIVCRIHGIGOGVCANQZJIFTQM4KVN75MD5ZNLVQVME,1337
8,LR3RT5434SGHCFSZUVBBSUFOWBKYTBOYHHVR6OTEPBAQSBYYSI535BL74U,1337
8,C7ZLBJIR2PU63P4S3OCJ5NWMPTX5ROLU6CVVIZ4ZERQY7I3W5WYSJLVFIA,1337
8,CC6AAJNOGOAIUBYMXMWCZAWXTBQEEJGSBCHR5ARPTCLYQE6OH56AWHU3OY,1337
8,MFKTBX5HAJVNIBB5QISKDPMT7AJ6LS2T5SFIAPDFMQDE46AV5JLGM7NGNU,1337
8,3EOXI75KTPMTVGKYD5BO5K7ZVUYPEPUFXVLDWC22AQX45KMZZJXHO472WI,1337
8,52SHD4X4VXCWO23EMBMCJIMED2TE2AYZ5YB7OSIPD3HZ6PPVA3ARLTAD6U,1337
8,XX4QEJBTNVDDSXZURKD2ULTDHFJ5BX7XHDYXNC4EYTERFRIBG2RUDX4ZLY,1337
8,XAMGL7MWLHH3UPOK632I6JQETWB6IGFEG6EVW3CJYUZSW3GRNKRFGBDUWA,1337
8,C2GYOISY65WKOXFEP2NMB6NLDG6X7DQJU45TQCQMPR5JUT7LXIYCNF4C3E,1337
8,H5I3ZJC4TQW33R6AT5DRGJGBJZE3CDCOHXTTGHSSXYJ7T4VWBPCVQOBQKQ,1337
8,XMAEZR5CWDWWAIEXXD5IEI3Q7ZLYNDA7CLBLHTVJSVVSNSOJYEEO7QRDKI,1337
8,XXJGTBHE26YIEVCN2RQN7GFTSYLLPYKRI6LVX5FMF5YPHKAWAWLDA7C6EQ,1337
8,CDLBDMMWDJUP5HIAWPOSNVUVF77IFHEEEYCKC6I3OLNUWKUYAEGBCQZATU,1337
8,NVX4UMAA6HQ2B636VWBF35H7YG5KOPUM3IKGPRC25S3FCK2VEKGG3VC4ZA,1337
8,CC4VL7EPAXWVKIDQEHHEAAXMJZGS52YX7THB66XR6FWM3AJJE3WBTLL6BQ,1337
8,2VQPNMDQUX5NG6BOZXM6IXXGLYEE2GA4KUKO63JA2XETOEU6PUYY36PBCU,1337
8,XERK46X5CUHCNJF5KKZTD7BH3J4LIFASAXXLYQAZNREZYBZY3PMZN6OX7A,1337
8,JNDF3DKKTPWXDIJXO4L53KRXCVCSS6D7Y43PQJ3HTBBVI4MXYFQOBTY754,1337
8,6DKM3X6L5VVHLF5DZZBYOLUQY3XBP2F5VCHRMOQN6YWIGAWPJQWX5FY3V4,1337
8,MDTC7DQ6D5LW3MIFYKT62P44KDWM2F35PKGVTKGEHFEWO7DY5YKXXJIXBQ,1337
8,YIZG4QAN3EJB3U2RMN7CRR5PCSQGAT2YYI3YKNZXRSWSD4SKT55DYNSZ4A,1337
8,6O2BQ7VQB3TULCDTEOAZFVMCVT4KFVTUHEBPJGF4F34WEJOV3E4LR762Z4,1337
8,QAK2RVGUZHCZWTX3LCYKHZ5BRWGV4UOM2WKRTZL7B5YXEIZSPEOACRCXOM,1337
8,YZTROXMUXLU5U66JL4K2OIMNNS26ZW3L52USACS3J64RBHNDZVL5NYHDM4,1337
8,3YOHLAHB4IQXIMXABUGNNU7U7EPX3UFMY6XTSQVZDQ6NSTODCDXQNPSGCQ,1337
8,EQVSCB3KHA3HFHX2H36SETH2K2AEXIGRNBEYUVQCIE6DOSOKR4PM5AKQ54,1337
8,I4RUQFJFDOINTUKLP2LZHONDITJC4NWASPCBDV2L5FGIKGXMMHHOBJ4EXY,1337
8,G72X5J52JKU35V25IBPNLYSHY5LL2DCKONCOAFLOZALAURZBW6KGLHP2YQ,1337
8,W373UV7WZZFNHZW42EGK4XDA5CAH2DHTWBHWLXJJ42TDGRWEI3TPGPR5OA,1337
8,5LESH4N3BRVIEEJOPX7ILJOSABKEZ6O5BXVEOKI5MCOIWNRC5LSDTUBC3A,1337
8,HZ5EXKNMYBJEN5OTGF5Q6YJ4IWCHNZ73W2UQDEN6KCBLT73UGZER25WVJ4,1337
8,PGVJJ5OYAXTIURQJRIVLXMSSLWRWZ7SWW7XE26X5OZAJBXN6SYDDOFZHT4,1337
8,7CEGY5A62AC7LD72EI6QVNSIVJW5PJQRM2LLSXRAJCFNGNAM6T4TRHC2SQ,1337
8,A5DYKOWOWE4RN3JPSH26SMOHXTNXYE3WCF74C2UQBZ67PZFANWR6CIPCF4,1337
8,6NOJWKNFDUZAMJWNFI6QAHUH5VTUOCJLQSQUJUCHP4VZASW3X2KG2IXBMQ,1337
8,7U2U7LLGE5LMWYBWQQNMM4QDATOTAVIDTAE62EOMFD5KZODO5EUKT3GSVM,1337
8,WYNPUB562HWO3SK3XX22GFFBHNSORLGPOBR7QHIDOM6YFLPI62X7XFQI5Y,1337
8,DN3GDAD5422DII5CYA3ZKJNNJIN4BK3VKEVGSLA27IVKYWPBP5GX7K6PGA,1337
8,26EFRU7KKYU7SVWJ7363PJMWMQA5J7MNU77VU3LZKIECS4FY7REBT3QILA,1337
8,OPOYE23MDT47DL5AOTXN5YG3ZZHBCSLKWBVHFX6KYPYFPDWTDL3JNHICKQ,1337
8,QWYRGTNKKFJYHP2UWLPKVXQEUTWNICKPP6DUBE2HBRWPJZ7TYSJYX2N4QI,1337
8,MF4HU3V226AUNG3MYX3PHRFIB52K3CXBEHI4PCDN4HR3CNLM67NB62YC3I,1337
8,DKUD6WYX6HDMOAUWYYIC5H64DZ6HSXXJPFAZT46C265UMYTXLFEFF2GIRY,1337
8,4RZFPIS6ZGG7SQNB7EHYNGSOUDZ6UDQ4ADE3FNARZQJM4ZTLQZI3FNSGMI,1337
8,YBQTEY6SGR4FBQRJXHWHLKTMI62TCZWCO4LJSGOVABU7ERC7H7E4BG5VCA,1337
8,WC3WRIEMOOXREBY7QHPXBWFZQCCLD3GBGP7T4OZ2XFVYRDAJK2W6HIR33Y,1337
8,UMPB3INHAC6QLGG77EE2CBSVXMCBZR45WL22HNZ6PMR4QV5VZP32CUOE34,1337
8,CVELQGMBYWLZRZOUXGEELPIYUAKDOOTTKYN3NMWE6JAHW3CKMKZRAUCFB4,1337
8,MI45REQD62HKDPVMGW5YXOO62QIB4B4I5DZVCMDRQIXYUYYWWELSLYNKEY,1337
8,JIGDSDGLPFTM3JDT5ONGUVWB4A2ZWJGPE3GPTVPTPMS7YIQUBJUWSKQGPE,1337
8,SCCOHWKWPNJJT6TQCDUFAN32V4FK255KMKSMNUXKLG7KQEYPN536ICOJRU,1337
8,QAYIPY7PAWNQ4PEUUZWV4XSMHUDJ7VV6RHZ3AA3RIWVR5ZPARXFGLUPZ6A,1337
8,2APUODC64YDXRWASU5RT6QS3JSVIGSV4YTD7XACDSG2LJZMQJQ5CSVMZY4,1337
8,77F62YRBKTMQ5MDU6UR376HCCVACJKAEXX7LXVXVUFTRRLCICQIVYLU4H4,1337
8,3YZSQZVT2IRE4X7NMDTWCHOBX6AD3HNQDT3M3LSVXPJU7YWOZLAF2VWZ74,1337
8,JHP2XQ4ABNDKLM4J7K4MBHAKGYXH7TDNREJFB743JTKRLUJGHZBXNYNIWM,1337
8,VZIWCD2KTZBYDZNS3AC76MLYNQA3ZXNHIACULIMXLJJ5JDRHA4U3QETZI4,1337
8,TJSON35F26XB34CG45CRJE5B5LEQUNSEKXVXKPZCLKRMGE2AOZLNAFQEOQ,1337
8,PJ2LYIADRSSSELMNMCWTXVFOZJICEQGF2IHJQ52DTLPWPZ7BDOZBPONXZU,1337
8,3DRV3M4OHGQSVLYAAXZGJGE7EQHM7S7AMCOYTXV4TRBLE7U7YSGBHGVBPM,1337
8,NHD2QB7PLRJW7Z4P63JNQ7USPAJZ74XXMHLGNIBUYUPRBV4M54QQNWQCWE,1337
8,URLNRQOJPUBRKJV7BVBKQFNK2ABSM6UICKKXNMWZSAJ4BWIP7NFLU5UZLE,1337
8,M6Z3ANVHCUHJ2Q7BQWORDNPEI4UTD3FIABVCMO5MRFCHBOAVPDUNPYNEL4,1337
8,CRKKCHVSACVPVIHB3NC7RKDZAGW26DBCFAUFWZENOI577YDHB7R3CQYCXI,1337
22,0xf719c94d462a1c6eddd667c6671c77c0e70f1d6aad35f19c1bae5a2a04acbfa7,1337
22,0xb9cfd6b9f8d50ddd1a5a56334a247d0b38c48369f65adfa2d4fdb169b4816928,1337
22,0x2934d68c98d3a7f60399980107ec65442b1e3370259a748d58e6ede6231ad1f1,1337
22,0xdf38e4773adcde5870c34094782cc18cf86c3dd25db8c707190809cf93a4441e,1337
22,0x8ccf9b291b39cab7157bfe3071162726ae645848bb03b9567c951189da0e2ae,1337
22,0x584cbc843b1a632ba0e487689bbfa590917d850f065fac840cfa0886fdc48fa8,1337
22,0xea81fb8b38a370051ce1e862f0b596b3214da173a99f2df9467a171c442e060a,1337
22,0x1e3b465daf7f59ce11e84bd3dcad308951261d4ff8975056c409538853873743,1337
22,0x1f0c059f6701341757e4f8b122a3853c1d8ef12e10ede9cbc408e7ca02091c25,1337
22,0x1a45b1b9d1b05436f7ffce8e0be7f8b1d3a146aaedb9bb2066f487bba5b1b98d,1337
22,0xa81f4ec80207caf91fe702cd7fe80f3526f297eb86075edba285498eba7a6cb6,1337
22,0x53f9e0fd2e60bd79ab8eb2f0c667ca774800a7f56ffe7366544a55cd398b9c6e,1337
22,0xc7d39f254777da6b5bb4b9added0fcae2ab5b63eac3fbd139084989422e38990,1337
22,0xe7d809fc03696e21537f9bce7911ea28844e0e17f5a6743aa07c9d9b69ddf531,1337
22,0x51600b6a2306c2e4e7c76fda53862460453963a2b7c23840045ca360531aa767,1337
22,0x33b4ded13257cab27723d0747e85fb1a27a740319a23958bccfde5722f454126,1337
22,0xa86fc74a1d1bfcd70038819ca80bc095aae3b0bfaab60d80690dea7021cec1bc,1337
22,0x4d083ba624bfcd00ad190314a26c13390c7dda33c77ec4956a5fcfb23fe7a3d4,1337
22,0xd358e51a217f96f52265d659b1e3caf525fcaa17e6974388ca44de4e37920557,1337
22,0xa703c41520e996875a3a5e9298440d0aa3e020ef9b5a30a022f73fbafcc5c993,1337
22,0xa57230f6d921e2b5a2fd4e15f19c3c798c084f4ef6aa0ae8370a811e078f1c47,1337
22,0xbdf238891fa4015c321f48076b3c0a637862ec191909539af2133903949bc1f8,1337
22,0xa9e33cfc7bb1f0d8fc63dcfbfecaff4806facfee290c284cd83ae10763ca0bd2,1337
22,0x3524b35dcf87f6add0544a31ec5d489a20fb5ecbd9fe8a8fdd8e06fd6f7d0f15,1337
22,0xe4852508ac1a81b876a50e140fdaeeb33b6e5358b99812249ef9d2bac883b0a,1337
22,0xcfb154099bc541abd1e602a4cc2aca2334cb459b9c7a02e5b88306054682fad7,1337
22,0x31746fadaf034868cb233c00f0bfc0e86b795a0aeb4be0e5f3777c9b6e124f1a,1337
22,0x598d1985721d5e4f29a958ad51b5b7820011d344a6205b07043acae9c8adba18,1337
22,0xbb6c3334639dfecfa067bb6a604c5f172880d600b59dcab98eebf51132f6c2ab,1337
22,0xf6b00bb3581e6f3a5cfe3e18315ee3c6a7e4c4bd8c9c07c0c1d62d0a791d641d,1337
22,0x2ba022c3af433b5d348987dee8ea65e887184f1279fff298ca8d21429ef37f5,1337
22,0xd9c3889c82c30837f26e28c8049ee9966bf133a6a4600e2fb0e7977683c584b4,1337
22,0x9357a639ac1328801d5021ea86379267f3899dabe3a9bacd681a2a48ba3ed637,1337
22,0x269ea5428a0272b8babf1eafd8ffd09eea15ac9d844349400de186355ace4087,1337
22,0xf58b2b3a5d4f87c82d1da62b1913ac427d2d422f04abcac4d1c78541390e0294,1337
22,0x94f1e673552937755890808c48a619f4565acf3938a68295b3f28770d81a314b,1337
22,0xaa5dd27f31c67977c955cf6835623130f4ef4dc28be75d488820a6e7d8f42666,1337
22,0xa992a7d3da83968d1a90dbe17eb410865596d99e981460a3d5ad5809c7348161,1337
22,0x2006ebab846ed6c7bf9585a68f4e3466f509c923b4825e31da3720ef9911352,1337
22,0x496ea119a999235abfb25919a6f15fe85b1d61a24dbe2c98734c5ccdd2babddb,1337
22,0x5e503700e97001bcd34555cef4a15491f96bfa3d50b498f7cecba01b1e52032e,1337
22,0x144b0bdbee66db89b9215fb7ba7a7b2fdb673ee028caa8973305a010ab524401,1337
22,0xa6b5ed6cab5a290e9292e81e17987ea0a4806456d96d4b54bb1db33f536bff20,1337
22,0x58394102225aab7b4e40e4cc3f59d188367ce74ca5f0276edd6104dbcac843b2,1337
22,0x2a315e65b75d775bda950b7e99b181e0b44bc847f8f6aef51ecef56c7457d102,1337
22,0xcd2856fede00a8c5639799a7ed690d8c23cb7cd2f9cee1d47ef4351fcb8df191,1337
22,0xc42a0094e5968323b5c93462de652ac99a740ac36b3d276fb88ec5b2e5df46c7,1337
22,0xc87493a0ec584a995fb2f9807268f7d9182fb18b85cc86d128dde460c98f4007,1337
22,0x18974104da97c9612066c4a222c44d7356b67467766039dd174240c6418b5819,1337
22,0xfae0f1ab250de76784408ddb1f2bb87f523e8a89f51bf3f2080b2adcacc2a9b2,1337
22,0x3f396ce4cc254dac426e2e19b385b61659358d726ac70a6007c86997ac60c1bd,1337
22,0x18d65a5b2cfad9aabcc2e588822f3bb88caacba30867522fd860373e8a8b4f47,1337
22,0xc339e4f34d59cbe222aa03ba4060f8a92ff7d95608131fdbd9b37d3c019a3fe5,1337
22,0xd68536a2705eecf91207dd376b5b5304cdaabb704625a531109c605b3f2187cc,1337
22,0xf16ab4dfe8b4aba325bb8305dbd49c795b6d0a9e8817457266102a99bacdbd5a,1337
22,0x1e6e4bbd1e708a75527b65037add77009efc43d69769e8d72de6bae4fa04e174,1337
22,0x200f0ae7a319e5bcf6578499f9e37c7985214a34e03f2f0f6bdbd53361e5d28d,1337
22,0x1d575ee3aa72daee3b7ada53c8d4ea272e2eb57f167d70fea860f80a7db0a9fc,1337
22,0x349bf519966ed0c9f272f1723936b79eb1a89ea927563374d595ba991a496e31,1337
22,0xb0393e498659d63fe5066c2f9000718df8ec9bf01625232e3983bc5e592aee7d,1337
22,0x6dff112f16a0020db153933470b6867b71ad89977bb653ef0ce0944a6e4330dc,1337
22,0xafd8fb7b5de084d64ecef790185eb4b94b1c612689fafb69b6d794b1ca8fbb68,1337
22,0x58a99ccbed2cb09f64c91d7cb05acd5a5d3ea12aaae01ba6b38bcfe65c5c75,1337
22,0x284cd7463d58c9568f70a83a077efb5abef01245cd9e8e3a014383290d471fc6,1337
22,0x40e24a6b2b4de47e4724617e379caff9b5bde4a87531ae8ba39955820101e708,1337
22,0xfb93600266a1a1d6ce4f3e9b07847edc54152586bf79dfddce8fea50ab298f5b,1337
22,0x50280c84f83b1641bdb1c3a1d2179f6f44f175f2fed0550e51869ec71f2e7feb,1337
22,0x4c4e465c1f2f30abfb8e7e9f2b96dc2d8c94e842396aefce81831c1c834e5a7c,1337
22,0xb9fd409588139760c43a90692d2f7ff0c0672789a7b61f18f24e5776dfa337ab,1337
22,0x3c230bd3e130353fbf38d90fcf94e0c5087841f7cd3a32979a36f8264dc75ceb,1337
22,0x430675fd457ba6f22ab0f6b12c5f7d4b8c70615d0728e7bf8a0eb8d75cb48eed,1337
22,0x2f3f1288736f0fddd5ed63b3763509da29dea7fbb27aea3a88e8a1db9e1f35f7,1337
22,0x62fc3cc315fa62d5eb3b0a4c6d6c1698ff07b5f557219dfb9446c7c7286db191,1337
22,0x5d8a9c8886465a2ebc44c57f8ece74c3f39f19f89041dfc2a3b08c1dd01599e6,1337
22,0x26acb7c3ea3301c61a6ea3f47c22f6f20ed96fb4fbe9d5c9806aefa0582dae34,1337
22,0x61f0b832c04a084b18028eb3f1d6a8ed46b6e8e7868cd9bd8bd7c2b9eacbe772,1337
22,0xc77b62486ba802fbce206b6fe2261f7b6eb6ba4ce3339c03f6b7954317b8e4d4,1337
22,0x2ff6c018ccb5652a742dd0d940a134e48eb71c3c8c93b7fa9850837e64e916d0,1337
22,0xaa2030aa11efcba68c6b981ec323989bf9bb87bba80573a9a6ffa76800888ad1,1337
22,0xe990ba1700eb3290018534640b451a1bb565fded6307b1a872d002aefb2c0837,1337
22,0x3d050055f40b42be3507e4cb560acd916dfab68ca51b436094552ea8265327db,1337
22,0x63d2adb0de60b7f3f40b4b63a2b32e123628d7f4031f5e8c9d01776ca0bc8713,1337
22,0xbc5b47d1df6d915478e8fd04e8cc217d6a6e03344ace437481b7922565173bda,1337
22,0x8d2d44d017b7844f5e912bf72b43e2bd22d9a45ce62bc9e2fcf57e7bd4117d39,1337
22,0xfdd5922bcaf5a7a85c226ab4332956e521adff2894528c7207ea1d68ba777e5a,1337
22,0xae7da6e28431d8fcdc450c17ddcd24deb395b6857269628ddf09ad689959ac8d,1337
22,0xadbae9a9410d2bd5ffe6f2a03e37a1a5d42dc996a7987351546fbfce4350a722,1337
22,0xcc8bffd1a656975e08579378b7c769d5d6cc99428f56f9b3541fdf025bffc5e8,1337
22,0x7aa2c95935532bfc3330c263c587487f89a3d80b5bd93d10a2c9a404202dd188,1337
22,0x4770cc95e729ac031ff2c5ff241419f984c17fe413b08ed878069b1b9e89dac7,1337
22,0x9f49f58f99dbf747e9f9d5632844c81a0b91dc31b1d19d97e5b6a5a16aa6cc46,1337
22,0xceddd0f343777e7d4f52b77d2eecfb1158633282c8c9634931b01caf34741132,1337
22,0x3dd34ba04c0b117431dc14ddcdf9e353161a4efa50b2cb796d3ce2540155d71,1337
22,0x3299d86098930e9536f6d3967c1ce4730e8bc399e33e82277f3a818ea7e3ecd8,1337
22,0x604256c63386a691d0072f0b634b07380e2241081caa7cc3bdeb7d4a5213c520,1337
22,0x82cfc9afe4a5d3c7f1ad5979c485c4ab9e3a79a71c0f906734ebe3a6020925b7,1337
22,0x82ae417c684f3f7d22dfdfc8bde6aabebb5cc03d928f6ad010b4418c09e8741e,1337
22,0xefb0d72ea8ec7501d77d9fb68f2b326bde4d7693d177b5eb566f898ef69d3e8,1337
22,0x63b8bc892127155795a55479f3c6a6a6e9a9d2a44511bae375264cd6e13d45a4,1337
22,0x9c1fbb5dcaba68143bb9dbaabe325e0a65b5c52cc9204cb50daec1a5fd718e7a,1337
22,0xf719c94d462a1c6eddd667c6671c77c0e70f1d6aad35f19c1bae5a2a04acbfa7,1337
3,terra1ga9murzsla0zkegrvzczun7fcgvrpjj8tluy67,1337
3,terra176mxqhdz9vd9rsaspr0r4xwcd7u6zpph2f3m0n,1337
3,terra1hnq4s83wafdptfjfhk5n3276pxsnnluxwu69v4,1337
3,terra150jsmw5l4zly7tdhrx6xlqeeuvvgsmkx2ga6z6,1337
3,terra1g4uu9pvgc8ktylyl2j9sxfle4geqd2y4d8mf8d,1337
3,terra1ryfl6qnazw3e8nf9pln95syfct3j2npx86pvzj,1337
3,terra1m0jsmzqsl48krtw8kr9rqetx99ux7r0rjlgk7v,1337
3,terra1phxx49uwy6y9ny7wayr6ukzhvpskhvf8ppvtn4,1337
3,terra19n50q2tl0qzh7fmn96sce2yzgnkh0kt8sshmf7,1337
3,terra1syzaf6pdas7lhkjc54m3wvrgm4an3r7sl99hl2,1337
3,terra17x9fntswnk7ma6wc9l5ghqaepr7ywyulr49k9t,1337
3,terra186zzace05mu5t02t8swn0exuyd89wkj5j7chqv,1337
3,terra1s6fn20uyt4tcg0gyxajt9r0kyh8cznk30jt2tu,1337
3,terra18cq4yfftynq3jsnhe9gvze2fx2vtvj0qzs4y3q,1337
3,terra1683rrw8hljjjxdvrdfkjjhdet0hxt4kn42qfaa,1337
3,terra1wxjyw52lz22naq5rpt5ne6trlnnp72t8rnds3y,1337
3,terra108vw95dlj5rl3cftfhdrmxreu3r4m8s93vuhuj,1337
3,terra13trkmkqmtf3ffqkajchnttc9fmwxdnddrfhg4v,1337
3,terra1tqrtskvvg8v2pdl86x25sxu0dupn800p66dhns,1337
3,terra1zfau4kh0kwwj52rfuuzjwnjaqclg2exxvyvv5e,1337
3,terra1um42lcchg66ktcy8hfsv0tv6xawlf8uupl59qq,1337
3,terra17cgn5mc7ys4y73tx42a7q9yzpj8twl2su2qxv9,1337
3,terra19vtvmlastup4vjfs3nt2hrdggtyx5ypmca8kyk,1337
3,terra1jn57mwjrq3uhkwgct2g9jnnxf6kct2u36hln72,1337
3,terra1d99e8xqupulhjh8j45h82zfqnpy6zgycux2l8q,1337
3,terra1rw5gyqq7epazkfe4p5l7uj2pj4rdrq9wr77c69,1337
3,terra192z8ys87ecay6wch7v8twkys5du3levpupvns0,1337
3,terra1tzxazvpy256mdgzw9hgg49mlujtk27gt0el45q,1337
3,terra1vrw8a3874gxdd7l7gc9wmfemjagm8s229fmtnq,1337
3,terra10yfg43h0d4cl2l6h9trwzfg9etpg3ezw2c5543,1337
3,terra1f3syjwlqfnfur949tsz86dhtnkmpdduy565usc,1337
3,terra1hjvjpnqzp9cakl8n3u2nmzxwxucehmg0q66r5f,1337
3,terra1lejx246duv0nuz434uuzl4q86nkcfnntht6uds,1337
3,terra1gj60y660ykp6g6jdlwhukrdgqhxe2z2h0cr6un,1337
3,terra1z0vd84vnfl5fkngrvfc7dcdeaq9hnql5f50qfm,1337
3,terra1ajc6ltwwlzves0mt354yjgf045hfl6sld9w6g2,1337
3,terra1drt3d987t2u7rlnd9hzgvaduhffh8zpnrtendz,1337
3,terra1z0vzj44ycx56228dnupgtss5lh7ztnrnc22jpp,1337
3,terra1av5xc09pwulx3vks4wva4vpk08j29cf46lxgqm,1337
3,terra1jwy5d3kuhqzqg5gmfngdyh9hxnez3lhrzvxwj0,1337
3,terra1p8td52x0mvnhfhph38n8tqtpru5glemgrqw0cu,1337
3,terra1jlnpsqpmxeuk6krr35j6wxjn2dqffeq06halp7,1337
3,terra1py79wzjv9syugtcn3ju8g6mvv6958ypgryt5qw,1337
3,terra1rwc5mezhjde76ts43c360z7mc5tarv03kkhm8f,1337
3,terra14wyac9m9qnrt0sx2a77rfppvzzfx07t5w65wtq,1337
3,terra1ff58nx75yqzvawtmf2jg0qygdersxrlzr0uvcz,1337
3,terra1r952vmmvafry8hfzqmedct5lez0xmmfcxl7dy8,1337
3,terra1mrczqf8qmxke8jtkje5pwk5vnt83qdut3ltry4,1337
3,terra19gc9upxu07aeet6rfhwpkxpeuatwgmh6tnys4g,1337
3,terra1cx0nvkvf08vq3gvt3x6zmd5cmhw8n23ugt754g,1337
3,terra1l9x6kp8dqgr8hey3ay0f7l5f9yj0vh98pq4n79,1337
3,terra1ctmw4lzxd5svmz7kk4ve0adfjeyc507t750hxe,1337
3,terra1nwu3xaqfe34s3dx0xj06fln0ssq3raut6tqpkj,1337
3,terra18fn6z5h897lan5sh9eus8ltlnj5sulese22cvh,1337
3,terra1m35pnm5ffarucgyhmtsq2rse87jhpyk77vfvul,1337
3,terra1p02t37h398mtkj75alqjm4604x7t5vs9huslar,1337
3,terra138j6m7fmwujresz3l3gt6yxafft7a2dg9effxl,1337
3,terra1rg0dua6mmywevnhmax435vcpsenjc8vcgqvdlj,1337
3,terra14eg06r95gf8hjgqsqkkhr0zusflag454g6mgpn,1337
3,terra195kdewl24j58fzgw2fd6777z39dhkqet9upa0w,1337
3,terra1dgza3e27wy0nct0epjrcqg30sjwgqny855p585,1337
3,terra19cpml3rh25u72a9cec9yle0yfemc0ul7zcgg5h,1337
3,terra14lrjsja652wgfhj7wfrq6vzhwc06dkyvcj5u6j,1337
3,terra1a56zpwdqwxsp4n7m2aytr82nzm8z2a5mchu67h,1337
3,terra1kkkhu7rtnlrjjwq9plg4mxs5xx90zjm8sspvyd,1337
3,terra1x8y0a02z6xjhvpylqwy8g8chsx754yfuhtx7ar,1337
3,terra1ucyg8tnsp74j8a2pfud8mcm2lavshzgrfvmp4c,1337
3,terra1qz4z5y62nvt26dst8asvmx7dq7v8p6hdx6yajk,1337
3,terra1s6vygkhv8yd6ku7nzm2504auta4sgqwj0uja4c,1337
3,terra1cmu0w4pyysvkpjkywfkt47ntqw4wkktswukcej,1337
3,terra18dsvgk2mxgr4mh3v3dq9mkntayya069g4dcslf,1337
3,terra1f47s42622nudhyn275jnzu9060xgppdav7rmuu,1337
3,terra1sjvkw9r2q9lkw3mf58xn7flkhzjlg73q0teeng,1337
3,terra14tnjxdhlu0l03j98natgajkdddhzp2d35l8kfa,1337
3,terra1hex8nk2c7xg0jp9dqwl43cwdk0ajhgku4dx8l7,1337
3,terra12arlaz445nnknw269ujagmmdxwv90pgv2xrxk8,1337
3,terra1rxp5rafj8r65qq67xxex3kwjwey502yavw0cy4,1337
3,terra1l9cdn4slld7qsjetpvheekr8s6vgm8t740u9p9,1337
3,terra1n6c0lffdwekss20nw6xsh6d06rq4f6pvq22tx4,1337
3,terra1npn8rz28kcjfhwmcl5qmwm2mhtjdhux8md0tmn,1337
3,terra1wjst2sauv26vxz6pd6zk3l7te8tvtf7jvfadsc,1337
3,terra1plkmpmhhcrlpc7z52ext6qwherumyhyfmsk6qm,1337
3,terra17c8syz5aj9dkcwqg86jmfhrtsp87rwhwe9eake,1337
3,terra1mvz9xdw9htqlxpp555z770p6mup7dn4eytppg7,1337
3,terra1esm27nf4shu2n3dyhvnypc6d0wgwvv9la8szqh,1337
3,terra1m9clnkmkznn2m8n2hevak35eu6v99km94mzxzf,1337
3,terra1meqc00hulehuelx6d5s0qq6uvz0jee6ama7gxp,1337
3,terra1wamjm4hp37fst3ww0yqj9jhr8nn2ruauhlxt4j,1337
3,terra1676udw2q87zv5us7mn74rmj23pgx2sdvxf2uk7,1337
3,terra1sma47k6w7lwxja882gvdjxrk7jfkn0vv7hjv63,1337
3,terra1stgg5h3drg0stcsn90j48zedf2a6mqjr95ynn7,1337
3,terra152j5tuhc5nrzypz0ahf4nf4ce7x04gtujq5npc,1337
3,terra1xhvf8nt3st3mfq34alscsvn5mqfz4supcdhdw9,1337
3,terra1uz222a2v4zy5lah9vntzxd762qyd4ajdezk4pl,1337
3,terra1nalmmqx5g50973au0rr3ukagtkc3gpwhslugxn,1337
3,terra1jj5nygcze0ect2fsepc8e4z0w887ktej7dy0zd,1337
3,terra1vnmknafpsqgj89qrqh8wvltqv6wjxv6wtn59eh,1337
3,terra1mudqr5j4sjrl4ld7q459ccn737exvhvtxrpkmz,1337
3,terra1jsrvxa8talaa0j6as9laz2xmt30z8lgjhrqev3,1337
3,terra130s4tvju7enp986a6s0gl33lngknh3pewk6rlk,1337
3,terra1ga9murzsla0zkegrvzczun7fcgvrpjj8tluy67,1337
2,0x2849fce8ec0def2add5313ac8987ef6d41eed575,1337
2,0x0f98490ed481611ae1945c62274a20480c8cdc40,1337
2,0x36435ede349bcd29e61C352fa86b40b60ad8e8ce,1337
2,0x6fce63859a859a0f30ed09b12f5010d790618ca4,1337
2,0x9cbafeb56334292e2d3c9Fbdd328d542eb5d9b39,1337
2,0xa3d22e679ee90a4b4716a85a816d9186d1afdad5,1337
2,0x8083eca30bb74ad8927193d8caa8cf2ef85e50a0,1337
2,0xd46f07a728228dd2c61e929499ce8abaf85e86c0,1337
2,0x88888888888b4df569209d04e805dcb2faa472bb,1337
2,0x93bc68723349b3a448ff655012f8969cb02d4522,1337
2,0xd8919383800d674d7b4583003db7530fdd9ab5da,1337
2,0xc4a846fd9050aa5b917b7ce16a34e505088b6151,1337
2,0x1c8238eb215814e918c2948a7b6d61e68e584b99,1337
2,0x0178a5cbf5f4d3712d8b67e6c66df7f129d25bd6,1337
2,0x464a651c6891101066a5f5a4d65f7bfa7e7bee77,1337
2,0x2a8b355da1e441058553f0970f11e39b7e391ac2,1337
2,0x603b51d61aac45d93933a94f9673db038030eca1,1337
2,0x025d4140062f10bcba45b40b521effbc5a2801fb,1337
2,0x28f3f0d27803d374b7096541df6b4c44e091dfba,1337
2,0x834929d4d9a53ce21ea95ba944a1003301b7a5b7,1337
2,0xe7385fd7db81a603ac3eb4ea51b432216f8df1ff,1337
2,0x923945ecea6cd909e1c55c3b674cc162b624b6ac,1337
2,0x0400f0f5a5555d9983a26daf9feb56bd984e165e,1337
2,0x2b9adcefe3f890c092a4664804e6beea92f509ef,1337
2,0x5687abe82d8a53058faae713995265afc9e6f35c,1337
2,0x178632e658a531305964e052a41c28d01744175e,1337
2,0xd60945d5290f97b89e015053e0e1c781ec6c5eda,1337
2,0x90b06fc96aeb8fe6aff7848f26b0d6e9073e7780,1337
2,0x6b3d1a37b5c01901341f01f4975d31bc5e6c3d81,1337
2,0x38eed3cceed88f380e436eb21811250797c453c5,1337
2,0xf5f081acd8e4e6514a7217923865569196e863be,1337
2,0x27b4e0b01e9339b08c5dbda7a966ce2d30c135bc,1337
2,0xb950907bf234a18d9189ed9e55173e2f435215ea,1337
2,0x0af691f5533c2d1fbeca5cb86705307f225f8bd3,1337
2,0xd7d5abb20ebad2170bee4545e689e4af2e5915a9,1337
2,0xda9434e626dff1e4d07a8ca20ee856132894e775,1337
2,0x864f824c123f30466052637893f2c64a119d2607,1337
2,0x9c326a639dbf79ab0568570a8e0be1acfa39d734,1337
2,0xf694d9aeb3905f0d07d1848242183c316432b397,1337
2,0xaf469c4a0914938e6149cf621c54fb4b1ec0c202,1337
2,0xd7f5df898e07a4b5542ed8b75d06ab6757b80167,1337
2,0xd887c683ae148b622c42235d7c2395f9b22c6777,1337
2,0x00136c48f4f33e66416fc7349550e66cac47e5f5,1337
2,0xf6fdbe5970d035880b2e271efe19142f7f7cb09f,1337
2,0x1b8280728ac9e01f814197a49d3a6cfddad7f83f,1337
2,0x426b4ccb67d3f81380eb52fe3b63a6d3c7fa9651,1337
2,0x8556820d3ecdffce7dfb47047b732aa13359c8e2,1337
2,0x262dfba7069030f99601eb835b88029e4ba69cb9,1337
2,0xc8253852e6eb271d71b93f32b6ee75c0bc058116,1337
2,0x9b1ac8e6d08053c55713d9aa8fde1c53e9a929e2,1337
2,0x23ebbff90bc9c97653ad3f760d15ad32b94dbe25,1337
2,0x316e8b3dd93b6c712fb799075f0e0cbbb7c9ed45,1337
2,0x1a3c4e9b49e4fc595fb7e5f723159ba73a9426e7,1337
2,0x2ed931711f6503e009b05689843041a8d3bb2ebb,1337
2,0x4caca0a7259d6dee600f121254fa580f41430137,1337
2,0x82d7a1424bf88c42d0f63883f2401d205c142ec0,1337
2,0xc17bce0cf68059c80b034d606adb217b001543f6,1337
2,0xc8d5cf84e1aa38ffa9e5e532fc97b2f6e1c4740c,1337
2,0xc905ec350d76b092b6a0a0d120e57658df41693a,1337
2,0x887c502d13abc0ba0f55d0785338ce3c761599c6,1337
2,0x06876e7974dd15bb1c44ed8a6d995f607e6b77b7,1337
2,0x21ee2b39b4dd41a69f7f39f16d4d4895ed817d5d,1337
2,0xff56d1507147d8ed54cc187fff34f52534f2c77e,1337
2,0x797b00ff517ed9b755e8039ee092ba9d1890b9ae,1337
2,0x12358a21ffa17f4008949ae6fda9ca7fb8cf4ea3,1337
2,0x0debf13ba794236ee28bd4bba12df34924619090,1337
2,0x2ed4263980a819af25b2a7876e0929559fae26f2,1337
2,0x7d7efbd5575d68c146610b3916b793a0325e0df6,1337
2,0xb3386f54e7faca64b15393ec22e47b29407e5843,1337
2,0x69b06d523a16e061d3de6e01c5830cb7444d4c4b,1337
2,0x9cf37619eb432a04f3e9fe3e748d5e494cd4592f,1337
2,0xbf0f1a907967cabddf946693155c71d174bff7de,1337
2,0x0fb1f1a31429f1a90a19ab5486a6dfb384179641,1337
2,0x9b00b1bf75f405682cf38f0655810a4e444b0d2a,1337
2,0xd96ea3bcce83d4e1ef8abd1776eecd0cea1bb09e,1337
2,0x756b38c89210a581454c2e93c85e56e180a52f83,1337
2,0xe6882e6093a69c47fc21426c2dfdb4a08eb2dec8,1337
2,0xc0f06a313e20b7ad93a65dcdf0f208998d1a4596,1337
2,0xcc87eeafeb5c49d149a0aa95522d839b349bd11c,1337
2,0xe6ddfd2f694ae641a66e8e5953bc5dadef23d96c,1337
2,0x5cb9c29e74c799eaefbd89e2507c820c3b936268,1337
2,0x72a916702bd97923e55d78ea5a3f413dec7f7f85,1337
2,0x44ad17dd2ee4b5eacf665325d4f34dea6dfd23d8,1337
2,0xb4205d17889ef5df147058bb68e48261d5d5f09f,1337
2,0x4b003868bbd5add0d1251553b829e58ba3cdcd3c,1337
2,0xc75a34b58a6547e243c8a29e18fbe58b36363a74,1337
2,0x2cd0487c302547fb4da28780ab3cf862e103fe9b,1337
2,0x750a5987cc789fbdb815cb4e727dde22dbbb2479,1337
2,0x3e822b01c346b45aa7170e7dac20c20feebd2261,1337
2,0xe09315caca3432bb985c15c6c3315fc8cf6b0211,1337
2,0x54b2d9aef22d594b26e7f61bb51548066e137270,1337
2,0xe747c2d98e21de4f170fb65e84e8fa2f840c6e1c,1337
2,0x2035593de597f8efa3d2ce7a214c93274b4c9fda,1337
2,0x257caf977524f2ae37e5383d6380ce287bd29c17,1337
2,0x836f7c5a76dac83bc8723bc9ba2a730ae6933b6d,1337
2,0xea897e018fe007cc501cea8bd89cd73ca47aac06,1337
2,0x3ddc75311637b1eba20e5633025b02316b8c0f93,1337
2,0xac2f41d76fffeb2c55df434d57fa98d09ce3b857,1337
2,0x4f66509d41402de9b0c8bf21a2b9116844877702,1337
2,0xf6fb8d57ae8e56dc97e807a4aea0ccec6e36581c,1337
2,0x2849fce8ec0def2add5313ac8987ef6d41eed575,1337
19,inj176tzzf37xpkxx8fauc67a6w902wz8jtv5sq32z,1337
19,inj1qf2ddf62sd4ptmgg55yd8m92v55j25ncpd6ru5,1337
19,inj19ntd3f6gr7kfd7q345kwhhz9zgf6zexglah4tx,1337
19,inj1gt0ruu0j9vhpap7ju4svgqduff5sqjah6g70at,1337
19,inj1wh2rvfwf5hy29w8c38jlgljwq93n226azmgv2e,1337
19,inj17wfyamp3ssxq2t2k68xye44t52w577lm8rt0vl,1337
19,inj1zt0y0wjk02u5mu7gr4fftz9tgt0t8jv03nkdex,1337
19,inj1shxcdmgjz4gwxdeudw5fnjdtjq9u20gqdg7jev,1337
19,inj1pqc8ntcjguqwclc63mgg2dvtgdmgutet636ngz,1337
19,inj15tdz8z5kj9z04uwdcnkca2wdq6wh33g93csne6,1337
19,inj140fl7gjcczy8uzejmsppdkx7u2fjcvrxv7q9dn,1337
19,inj1s4dwrv08jqlvskll5gy4cmjyu4eylakeqqe36v,1337
19,inj1nlajtpnjh2w4cn5jw9gt3r9x49jj02nvyvxck8,1337
19,inj1f5fk9suys2ethfvuztvk8yq45r6mpan2ypfe9e,1337
19,inj1t6767ex0d88gfmr04tau6sktmjvaqnxnesu4fy,1337
19,inj1drs6ukvpvh7cjlzl65dqjytl8gtrx7cwagpmkj,1337
19,inj1jptpya7dc45uywlhn97sgp7rznrux6phe20uas,1337
19,inj1az205sygnd8d90j2ph3587e35d2y8ty7f8qtzu,1337
19,inj18gm9f6stfs7sn2m93095a8ns3lfwxlvh4845se,1337
19,inj15su39tmejgyx3xmyy5r7yfg2248ntcd0r24da4,1337
19,inj1cv97j8m8jg4jz6acjrfl6vec8kg5pe59ey0g5v,1337
19,inj18dc6srltzs0awvfnsk20gqtzd5965jgg7w6fv7,1337
19,inj1fg3vnmlcct6uqu9hvvnq094sp364kmmx0vntq2,1337
19,inj1yv9fyw293z0gprud23netcsudgnzzvu5e3zdvh,1337
19,inj1u3wzvx7e042pdktaek38p3fh6kjx49r4pm9sla,1337
19,inj12m5xp3fznj5xjkyn5xv6w7jxea34fcqdrcxws2,1337
19,inj1ztr2xrtnh20wglafq74em324ep9hftflztfelt,1337
19,inj1vc3um4e75sdlghqqkgd3qc4nn7ypcseg039tvl,1337
19,inj1hfzxg03lyu35scr8m7pwxj4jwz7t55wccfzh6k,1337
19,inj1yrmxyvx5vm6fa5tzuwd9ra5a6l3evhhhx4xr8v,1337
19,inj19alhst8uzptf3sjs4cxu65v59tlv5z4tdlj433,1337
19,inj1xe7zf7zdrmgmtpflul4qw8phuh2ztasge9tx0h,1337
19,inj1hmdk4fr66cxv4c5e3jly8v5xudu2gjzsl0eyrt,1337
19,inj13de5as6uy8vg9xxl6t7yt39nmn76stq6a29y3t,1337
19,inj1wa3f4r7fyv6z3hy9zrd2mru6yfu46ct8hzk70x,1337
19,inj1r2zyu9xlch0l2c9zfu67xqk2j03sfyunfx44z4,1337
19,inj1da0vpyqq2cdltpk3nhe4ju4xhc3h66sssr3zd7,1337
19,inj1xf66657atsyg94nhkvs0dvfuyuezy9mzx9q9t3,1337
19,inj18ul5apecxy7ej6nntwg5rx2qm2h2p3x87md350,1337
19,inj14h24xtrkmk74ugld3dyjvrwpsuha8l75ddxuzy,1337
19,inj1qz4wy83m38x7dywhtvzs5wdjkp55n447fq36vp,1337
19,inj1laswavmaked6xf50yj96vzr59zc3zkkq3rfskp,1337
19,inj1m5lrhj47e0quztw4xgh9ych4s8z52ndt0ulc77,1337
19,inj14mfh4l3wp34hr3v0xe8sve7fjnc693qmfmvtam,1337
19,inj1tgax200nymsgtzkdneerla3gn9pxrqth2m07v4,1337
19,inj1r5s5vl67tkdqqh8az77p2p777cpfd77623707v,1337
19,inj1xzeksy5gkd7fq0nudtf23tp6wys385vlghergl,1337
19,inj1w7yr32ef6tcmvecsx9nmt37c6cfm8va2y6aatp,1337
19,inj1dasnm763ncjcmkmeu4je4tjjw2jcd2z56yvp50,1337
19,inj1dau5j83wafm0l9nyz4rqyqz2vjjzpaawuqpj25,1337
19,inj1yu6u94ge88dhuxyxskwrzr9vmd9tnv3thkgpj6,1337
19,inj1jlqe9vv6jx4cmrpdtksazgvn26tn7kwdangurk,1337
19,inj17q7a0rzl5wzrfwtwdd66496uyza9gsz0kuu375,1337
19,inj14v6ahhpx9sutlgwg86wp6cr08nwc3jtgkx7t6d,1337
19,inj1u69tq0h20al3e0jsskxy7spxy4dvtmvrrs9te2,1337
19,inj1skg3fheg3ydfxwdz89x2e8973l9q2q426u8hgw,1337
19,inj1wucp0lscc5ee4fzxwfw2wfyzua6wyuc9yadp3r,1337
19,inj1gea9gjgm3pdvsktxyy6lur3w06vsvqee0dq02u,1337
19,inj1g70zsautul9yla0va4mn44gt8nzfnuy2eh89ef,1337
19,inj1rke28vnpge0szxsg8ay3c7y7y548v2l2p5ep4x,1337
19,inj1p92aad53kvwdtf8u3ql8gej7drtf22ps75kqd9,1337
19,inj1jwrt97kyf66e5vafr5czqrx90pt3dezjsfqtzp,1337
19,inj169pk63pql9xcf82mdwyedlxzshhh7nftlzuwf9,1337
19,inj1nvmgzd5tfu99srez296su0uza2c3h5hj2fnuye,1337
19,inj14kll5qfeq375x9n7xsrsaygcf2uhfzjkqf3p5d,1337
19,inj1e65vwh5vulu2hj4pk4e0v8vjwcz8xltrwftxnu,1337
19,inj1p2zh87d2hdnnnefsftmjjmcxspladuzl86dxmd,1337
19,inj1j0kqkdpx8e95fgrv6pl7fcstjzh4fz34s9pq7x,1337
19,inj17nu6dfkqlgt64s8c2kgtklgrr8pm83w393tynu,1337
19,inj1t9xpe6l8ey6st42zg5n6t42pfc4xa90sx3rec0,1337
19,inj1sskwkx98js994002u4ufkyauxwj3kzrl7wcwaj,1337
19,inj193yjzwzfs9ju8ahljj4h6zm6kmw4g6k69x2n8a,1337
19,inj1d5sh8j7z5j9p84ev9nhvn6yznuclyftmt07476,1337
19,inj1z4e605l5xw6t92fvms34fxkszgmdmk5pz8ru63,1337
19,inj1783rxgnczwn9p34wx5wqdy0vjcyjctguqfsh85,1337
19,inj1k7s5ache5fh95qzlzwvds8lwnzs0cr46r5r52g,1337
19,inj14k3rmnnlunfsey0n60dwf9aqur85tcxj43djfy,1337
19,inj1yzt3yfnaryv3r4cmsvxk9hvm3cdh80myhxm883,1337
19,inj1qk27fypn24fc2vqk0690pnu3j97ynqprjkykx9,1337
19,inj1ht8c2vqeypk8nfuyaz862uwzj88pzdfqt82t38,1337
19,inj1mc57vc23jndkmryml4zr749zy6k5q6p75djlnq,1337
19,inj1942m9d8t2dq8y7kxhes346njz8p4kl8l3zqfue,1337
19,inj1c9hfwm5mu7vqqrkjum5hajpacu925plerw7pmy,1337
19,inj1y20dspey85lnyljdzmjrf059v63zv8s9n3yvcw,1337
19,inj1fzsl2n5hh60q0tu0wn36rm7rg3z70g8v07wnrx,1337
19,inj1sad9qj5xpwft6q384dqg0x7esfz33rsz7839zv,1337
19,inj18p7jt0q3r4enh2vtzyrc3jm8jlf5hcegy9w2m2,1337
19,inj107eacdde24432yp9pq6r4yaugcnuu7hgatq3w0,1337
19,inj174k5mg40akl9972ma3dfquzqaduaqh4d8l2fyn,1337
19,inj1kux8azwcau4zqaessynpcvludx6aw4e76l628r,1337
19,inj1z8eynvtf55a4rmu8naplvzcq7shl62tvxm663t,1337
19,inj1tegxhfm0f7nzy73vl8utps9u30yl8mk6qk58yn,1337
19,inj1dj7vl9wzxm5gxlvxav4crjytcxznmnz0aczysx,1337
19,inj1a4yvwgxwnwlcmjrl2jancyftvektytkdjp9dq9,1337
19,inj1k23gj8lrwrrk9qmv00zn5ldv24w8ty34ynt2hx,1337
19,inj1ttlsrcagq7gvwhc4l34wh4s4eq6r6sfx8ffd9f,1337
19,inj1hkqkmhv0sausu33znf946lu3tmwyygulg9f4qp,1337
19,inj17zxxe0yte45dtfhvsjv0jyw5t2wgqd0eumhps4,1337
19,inj1rec36e3c6zswentd28gukxnl78hneae3r5s4pq,1337
19,inj1juymg0ma29j05cs5j05f76ds58fsg75dza5k6w,1337
19,inj176tzzf37xpkxx8fauc67a6w902wz8jtv5sq32z,1337
1,9gQeZqTsNokrpdbp3Ywyfc43qXpUXMmugTgPzZudatHK,1337
1,55QwG7Sb2vzLea1qa9DDCorA42iEimaP2VVVLwQFeQka,1337
1,GvdaQqnCZUC5LBScAtCz4ZxxCwbvp7XhqyhyumcUNWLf,1337
1,7DStG6CgfFbgpvp2VKfAGw1zvy9ZLpi3KQhPwqrXhGRh,1337
1,DLrYNfG8qFE38q2fQjtnx2bbNZoAWXqSgNKJ5DZis3WD,1337
1,H7Ccgc5LzGvEZ2BiAHwUyB4ZXNKK5PVSbU5Qhq6nCcfq,1337
1,8jdZ4hXYwWiQzev1Yk7iNCrR2xGknr3FneMyUdkay51r,1337
1,7PPckaq1QNFQ6p5778JhzDN4Wb7ZwPkckEaZMEy8BQJq,1337
1,FmPkASPzybdLZBsdrqTmT8k7v5BpXWERE9Hhazv1hktX,1337
1,7denNUqfSE7aekXRXGZvDzaP24uKpiVANGUA8iz17HLA,1337
1,71nfzW3whBsctX4kEjsfbLPLAVmpWPve6DRzd1RFQJPk,1337
1,96kFgcMNETheY2yfejzfWQdFaJYH5LDA3So9kAPE9VFZ,1337
1,BhBRCZqC6SjzVQCzDe8LuhDDq5wkSqnDNUYzzZkBmoWt,1337
1,BWJKhCeiaLjigRsdSiK9L9AJ6ahPRhg666hHqEgHfvCY,1337
1,2trK4EywPxTgg9ZPv5dcnHQfpDveko1wprUUXvZTEY8E,1337
1,7Mqey38C5jfAPiTSW121tcm3656R9jDU2iCzmVvHwXZ8,1337
1,52ZdQaJt4TH4i9BBK1zXgGC8t8tNvRfFfYwNxXVUdCYT,1337
1,2cx3mG6uiM796vsd2DNYBfgZnv8NezGeRg8z2u3dnVsx,1337
1,FPJqoS866JLbzWjRvNBViUWtMvoaj8SQdbDtbVcDKzoG,1337
1,Ezxw6oRCt2iPpH3MtqFepayvqSs9hpRezZXXe9yKDgPU,1337
1,8perKfZVsCahu8Enj8mf47BjSV41btp9qe5u3WfJKaw2,1337
1,5Svb9dAK23uruXUr9oNfoD6yVhsVCbXbMkMSZeMDWBxz,1337
1,4Xep28SapfXaUFRGfoD8eTHuxiLoDfbuDkgebcym3wf8,1337
1,3QfbvRuMqnMDwqUukmDSGNWYRJu1Ev4mJ5qoH5c8Qunn,1337
1,FdWRdiriUB7mo3QcVjEoxxk2fgRyMonqiyqhGEnKAGxU,1337
1,DPipRpd3Yz8SBzBEfd6XhqUggsWxfQAVELvp683cWoN9,1337
1,3QYVjDayjtMeqAhENjvuWexG4RiNoxDzAsp5MxqecAai,1337
1,BSYiZy7bgugHsf9f6YLBs9PEd7trSSTuBQmCjn1ZawfR,1337
1,SpcphCSgJYpkKQzS92AFTa2CiHTM9jAsG54wY1WUQLF,1337
1,EM5HhQFWggnzCs4ZWvP5rkmjLRm69KTDkti9bosSYAaV,1337
1,6sRoXsrZTuWqt6NckEMYaDHZrooH6YuyK2SyeWheRovF,1337
1,GqZ8junEpwxv612XXrxh8zdX18h8upge6h7PZuwEadFY,1337
1,Act2zdLmvV7KpjLFpxktCQwa6cFRmi7ra9p7Hjp4sbHu,1337
1,28NW7N6kv2P1FKR4o2QcbkBJEssqMzvskUL5hbt2FzVd,1337
1,C4BCiw4AkFjAf6XvAfD525SQu6PpeBv6PwUkz9DfsCP1,1337
1,6yF6NdzDRZ7ZoULP65Y5Grhefo1qpD447ZeQfMbbpEia,1337
1,6ZnU2v2V8sVrsDee8szd28BikgUEVQmYM8nHKfAc1cUT,1337
1,AoENXdDjvu5SVUATZxpXm6Gte3QX1QqwV7JhZzB8dUU,1337
1,2by6Q9kk7jZR9TEHqpXN2UwbXFUBJuEsfLZ7pPFNL8cp,1337
1,EAn38H5LtEEEdNnrrxupjKu7gHaUiKKxUnWghYFogCDw,1337
1,9AiPK5WDKXFMaiA6V8JhssUZNQEYt2KMbekjPgf7LmBo,1337
1,69x69x4HCXW7Pdp1paEenanCfJhBwAVdzyQwCb5BBoMo,1337
1,8THZvi76zL1mGV4M6t5979YWNwQY7G4JdqzH2jw5Bk6H,1337
1,7NtPqUHhFP3D7tXucR6oRwFazASiTejZkSxQDEuhqrZx,1337
1,GaHBMjbaZinsPV5Wo9CkSwoTfAPybtvx3qsk8XDJVg2G,1337
1,ELy5EyNQk7q7iNrMKy42LMoNZzgr92aoAtVrJm9KT91B,1337
1,7ciBnPdADY8TKTsGHJaapei7AQctcWZ5VBRZ3BEuokhR,1337
1,4MkVtKmEMHMMgXfdC5U8XNpcEcK7EhfPmkCLtqCqoRTw,1337
1,Hun3NQwpMYbAUs5K6TY51rt7ir38bKEgFucPH76HNrHZ,1337
1,JA933i3WGKQPBfc4hKjh7Ez7vNdEKwDVH7VCcdd5u7wE,1337
1,CcnCSnDSJ9kSvJadg3MtuxjWnjgpGVkn3sR1Jsxfu3yX,1337
1,HDc7i7PJd8Pc6aW3kAKZgYmyseTyEthED3Vh8zS1RwDK,1337
1,5iK3FTtuXyLvgkQ4njc76rT7ZqZJ8CbWihjMFRA5rwR,1337
1,3t4jjSDPJzN5ne5N1WGtL3YRRP5mcoANA1EUhxsVhfS3,1337
1,Dx2h8axnJdLAAVoy5eagwtaFuJREyvSnBcWLpXBb8tX3,1337
1,8mm1RsoMLiyrQsBrwnt6U7pVtRFA9HmHAwdTt5WByYg8,1337
1,AZKuU2KK3Xznc2k7Ekx8LbQ6Lz6MHUScjFZxbutQcpa2,1337
1,BMDVgyaQSqvX8AJbzbg111oPysPHKWQASqkjSq859aRt,1337
1,Dwuik9xW8PL7Mc4VKPgGrwd75GKqvTRpHM7M36RiyKCe,1337
1,3CMKNTJosiyM9AagsTPULYjrzkN5sBFnDbxM7XncumRd,1337
1,7Zb44Tvy7g9vEcXGG3Afxe4EMxiWBRFD4184k5yVVBiW,1337
1,94racc3uxukxtLizMZVkew8x31ygjeecT2fSAtLtHSCo,1337
1,tW2b4HJaanNsrhjb9GgxznMcs1vKvZLdocuH7KKhFin,1337
1,4VLXkW3vV49Spkjq1ZayZ1ihktEMU6bhVA5erdKP73ZW,1337
1,Em8Z2aSjHegBgttmLXdBrXyjBDNRfswt55ToMachFKUr,1337
1,3v3TWNjGWJmg1CmNpLW3jh1A7xsgW65F3U7tR5zJtzZC,1337
1,EEeGB3ayh84fRLN7LobVexFaYd4Y32qK3FYLihbaeHUm,1337
1,FkLf4nVX2xZLSXgY3UKEgFwj4Z5vCeoThN88FWDGfrse,1337
1,6dCggaDBHEM6ErCrHX5g9wwBhAcxdt87oPCfUEVA2kVW,1337
1,9yF7AqSaJmRwd3XC41E1d4rG2MikaHyMXCLEgq9udXJZ,1337
1,9GxyDrZB7S39xW1vrabAJ92F5TQ1EFvp4YU9HmQFcGuu,1337
1,8TGmB29EKNXbShsuAu1gupp84LeQ3HK2BgqcteUWZwiu,1337
1,3tGqWvSzEA5o2avQoG29rFuD5v7fycLe4T2iHM6LxcGc,1337
1,89L67CCt9CfSGDuagVvMDUqReZqUfUiFnkZkF8tTJf5F,1337
1,HLTpHPyNWbC4xsQskcNhS7es4f9DC1KKfNHBm3KresuC,1337
1,HgEaL3t3wbfjC53y3xQy4M1u57JCZ6qyeVgBZvBB6Vzh,1337
1,FqTuyRjRLBkt3vzsMVpDwm6gbvxpTYx84VnuAZd32HhK,1337
1,GAyNYWhpwN48pEYic5qGdoHqWRAgcftWu3bVCN3MHmbr,1337
1,5umtx293SZF9jLhnEps7eNGbN12L2eEh6SxYizkSmrNU,1337
1,6VfZNkdZ8h1NgDj6PgWE7dmWuezdcP1Q946nmzy2Wv8y,1337
1,A4vwfKPiyLBSDsjKAGdndCzsYdNMz7bCjdTkALRrpufQ,1337
1,5LxdbYyh9Bf1XLbQnCWdQouySfedV8T7HrJj6NjtzRX4,1337
1,Hq3EwzRhfmsWXmKyMTa5oxwvWskJ8jaQh3DvScG6XKdt,1337
1,EThHt9Gzk5Zb6gQ22z56QpMBtWz6WhPeTXB8TVupzE7X,1337
1,9GAHN95PZ1kDvgqt5kh5RcSZBhTkf5TuWne4amy4kF2r,1337
1,3rAQiDF1HN6bkM8a1iAQ2HmMEAbLu5CLbBSnpG4Xb6W5,1337
1,AMbhuraMX2mUZTdfhTT17cfrE3Tmiewj8TE7gGL53p4k,1337
1,AQUUEdJCv5JekE3y81jXuqRoM5WedQBAteq2NMtTviYz,1337
1,EqwZzx9rfXGJ6stqLjYmcx8iGAgG1HoaYjz8oT8DJzJW,1337
1,APKhjikRtB4GvS4DDNAVeKqoEUFFnsX7hMURWe3r4VZS,1337
1,J4NTNBDfh2Hodzci1LkLKUrsvqb5foxKg6MswVrdNSFN,1337
1,8HZXMCFhyg7imTou6X8Jg9SwxFKokpRxSaUZyz83riXC,1337
1,6dPu2qrVckLN84eKM5sM247Qq4YGLfh3drF86yVQwsMe,1337
1,9xU7i4H3pY8LZkwspeLVNaQuL8PsAvyjpex1fnr28KxH,1337
1,GJ7ghWcLqgHMrbUQtrJRJhrVP2nwyhKTGSCQaTmfqG6S,1337
1,BcbnreSzbs9UB88KaaUgnJ7A2SPrVMyDSUuwaJJQP6L3,1337
1,6cdHwKomdNiLTocXVqjUMbeQmB3qvjpB1ZXTyG3eJq3u,1337
1,ErkfgKpUbfQtZz6B7ChTPpsfnvMaWS5YprrHX3RwQEuX,1337
1,ooN8B8jUoYszQLr3R4ikdUYdtsX89veAnHHKWtESfMz,1337
1,8orzUJHn52x8M66aHKBH2jZ3rgkGNqUd2mwR6Y6PizLo,1337
1,9gQeZqTsNokrpdbp3Ywyfc43qXpUXMmugTgPzZudatHK,1337
21,0x1f135f1defb663127c9aad9ac86eebd7abdf2c671234c25b0e70f8b04632c637,1337
21,0x4fe3d468ef68f03109ddd630bbae0ff3f52f54e6d1f993ccb54961a6e5581357,1337
21,0xaae2efb8b27f7f4d4b58d5098a8d1deb2779f0d3b0f1f6e9ce45958faf456e47,1337
21,0x08232e7bfb0090b31cbacc9c820550c7e6626612b255d9386f3b930a9d5b2a64,1337
21,0x365d9d1cdfa3f3b0c8c1fef9e3d79558326e07dfbca0bc7708f667ddcef574ad,1337
21,0xf3a0044a302f1711e2be37c8d829f0f133036bb0bc08c76de4b158df942f98dd,1337
21,0xcfd50f420d0fba4c77d22c8112faf2ee9e17dcb8ae60b7f4c4c271e64bad340b,1337
21,0x807d7cf5d2decfb32cf8e6b8244d0246e961601af8ef91684b97ccc619a8185d,1337
21,0xb23f6f491f9cbefe1e2417770d1b9e23900081a424e61cb49c723d51fe9e40b3,1337
21,0xb3cb9c3cda90d02adb313fa99d0364a1e31159589b27b6050db1fc63e523d8ab,1337
21,0x108409af29e1f2df89e16d5b89f7c18827880f0661cfb346afd6f9652e5431fc,1337
21,0xef29e6e916375a70717b1c9efd5ecbdb14c5c8d298452bcd5587fcc2869941a3,1337
21,0xe54d8105f8ad5fb9ab634fb382bbf873adb90ad867e87ecdc95e9ca323098720,1337
21,0xd6891478208ff2e8bc4c5bDa1fcff84dffb5b702564893036366d6b5d4ea1968,1337
21,0x03bd3be61e8916910b5e461f055e3a883dad8fe6e4e653d87c52745fb96b6f3e,1337
21,0xcc7aad0de7f9038c047a972ca9d6e6e3d19c27da200db165727918176d5fad8c,1337
21,0x1e3bff28c4595cc7e558c979629f6d3df5c658500b16011960df605faedf8490,1337
21,0x29c9cb07e58b5d975881d1475993d37933da4b44cadf9d55101d8ed72278954e,1337
21,0x0fc69f42ca9d20660acec09629fa9d544fb852777e81f8dcae372e014e0f1e89,1337
21,0xe3dddcf2c515bebf095a3e48cd19437475200490d8f8e478f3e2a8b989c45ba6,1337
21,0x63d722c7112c2ffabe0ce8ca20fe65dae12233e71fe8c998de303b8a06e61e9b,1337
21,0x76971b138c85349a003628e28b1b88365d1aefa6ef44a65fc033e825572f209c,1337
21,0xd2831b7324e07e8be494b5016a695aa74152fdea846fa82be5793735a542304a,1337
21,0x622c9cc8f4160c0982393d651b467375b034cd0de4bcc5c65fdbd6dba5bbc73b,1337
21,0xc16183e781310d498374676fb48f14ddf21c533731864ce756823caedafa31f9,1337
21,0xad44e2a773fb0d3b02ce44c57e359095b5a59d7b83919e3fc114f719b3008ffd,1337
21,0xe1cfec7f59c0b1377baa6e1dc8dbb0ea395f7ddcbf97f661a4ec1aedca73dc44,1337
21,0x723aaa76d3a1183f12ed191b80a891292e2ad97fbb889cbc57f856ce540738c1,1337
21,0xff75a3b03984bf7f17f86051ed27723fe6d49d78244789c09af25be6058edcb8,1337
21,0x0797366b34524521ee0714196dee9ddd800eddfc624b98852c56bf1054ab762a,1337
21,0xe8fd156660877682096ad9f78c3229fd0b2cdd4cd8fd9f9148d82661ef368c8a,1337
21,0xf6283824730f65e1f5b91e42dc58b6ecb9b6bbd776738fbdf80310b4f7cb20a1,1337
21,0x14fbc9c5d21995f6513e9ad7fcbfe797e80575d79757d91b5be97a94b489acec,1337
21,0x6afb725b886ce61fd7a5323af7e1e97352c8cec422631b22429a68cac507625f,1337
21,0xb07d8b151d95bbe7b209c35436f3828a5847228c1ece98518786abaa982df99e,1337
21,0xb6991f19d4de1fd993eb696954c69e4d32c30d298375f359e6e6893e1c28cf07,1337
21,0x334495199962f21e7eea32c86ae6a1b96fecd61c088a7fad6beccebe70d2f2b0,1337
21,0xc1aafa3a7e57c0add3bc2a46fc4f4b4e39ee79898f1b51c27b869e433c45633e,1337
21,0xaf495b0a814832c1762bec3c8b376194efbdb1df72c626f303caebd4663f7b17,1337
21,0x8dca9f2b5b7179309b84e74e360d3fce529640b09c1ee6fc075bc372b7b466bb,1337
21,0xaf77e06ceab03ed058dbe212d3c8ad385f1ea36a10237b445ec11125bf577ea7,1337
21,0xdca32fbe1326b6c9db30ede6d200f038bb12280ee581a1bcebb1e20b00986e2c,1337
21,0x32305fdacc40dbed11bf30b3a5a5ce97cd6d85bfbc60f271407c81905db01d2c,1337
21,0xc748470f4bfb3b18d57bcc4579ca3a665f3256a26ee3497d7629c7b55b2a9953,1337
21,0x41a232ae39f217c02ef8b1be33ff4503518e07d3d06bf3e30b659232c507e364,1337
21,0x9d834e4c3eac822fecd9c04ce7388a6d43015bf15b8388e6fee8067227687523,1337
21,0xc7da0c51eae9b99d00369b71f8f13fa38ee375a87c57b5fa75a02a3c74f9134f,1337
21,0xa286fcc830fa76d9cceeb09eaca6e49ffba0355db7acf9cb153d4bda4e61bc0e,1337
21,0x4d8c764775ab38c898414c025900802def2ec57c6af71746fc1a96239d82a13e,1337
21,0x026255ca3c7cd5c59129d5876b8d22684d480f80dc334280767c3382f9ea8551,1337
21,0x7d4cceddd8f8925059ae704ea9e51ab43f60ea6bbfed0b3bcc2fe56006e52e0b,1337
21,0x038a8f081eb3404b40fcc7a7f67e60f422b8d792658cb2f57008101154d7d808,1337
21,0x30b0bd27a4ee3b75df0661506c7a686c1a6b96d86aeee17c10dd25c2518b1e42,1337
21,0x509b9dee742ddf459a3bae0121fe5d87eabbb97014fb43b67d33dd5791ca9542,1337
21,0xcfbdea8b02e38603ce84409fcd79fe2ce8abe78332b4243cb8767bf9a26c98b3,1337
21,0x42cc99debaa668be06a16c51fac1da31b8c1c89c2c2e92469d0576d527475550,1337
21,0x3c327f46b37925a0c364a351fd45fe76874270bfc00a65a7ea781cdd2fe8bca1,1337
21,0xbf45925c69a2dfe232ab73208646d8a370ceb2fc6966b2eee339b63c6b19a355,1337
21,0x2bc9cce9a4acfe5dce86ba4bb14ddaa98526784946b46d36c913ee6dbfa61d6c,1337
21,0xa2100743bee128b5489e4996ee61fad18dff74b59afe952a1278fc6c96b8c8b9,1337
21,0xbaeb8a137d1bae731981e2d25bb45e21f34b17345b04e078f3258d7e89006c88,1337
21,0xdd343c0e2f22479dea17c0e2db2d37eab64962c1d0bef6137e5197f62a82679d,1337
21,0x30714238bfd27881c506efd0b6e234119f2b16b34d35e7a6ad0f521d59d21757,1337
21,0x6667d1fe613f47dd8fac9f732997a877aa077807acad42a3ab4048609af7f576,1337
21,0x657bd95385c923b8db22406f197a62117aef7916211a64ef8e25426fab47bf0e,1337
21,0xb9d68f00e68ac81f22325ddd0b20d572fa7c088838744268012689b4603d27fe,1337
21,0xbc0ac0616e3aab87ff54ca10ce17975257c73772d6b5f24a3a6a1181d1036b76,1337
21,0x4b5be65ed528fccb0e7dcd72b2b5cb2cca968688ed8bdbf348756abdb9e7fc8a,1337
21,0x047e71167de21c0baea26f6b83b6cf32ab23a94eb0c7ca68c59bebadbabcd893,1337
21,0xb4123d28163c4d54181aba3d48720fb96e1cfda9c6f8839d70562a9787c3b194,1337
21,0x061be25f2e4f0f25523cb703279e748917d06f4b7d16d29750e0d0335fd1ecec,1337
21,0x265718269bafa85c490a9ebf7603d8ec88f91a41d3e4c444150407949d5cf4bb,1337
21,0x6540953b851fd46ad526d1728eaa4e0a8b25e45dee46d87db1bd88aa1e63babc,1337
21,0x08874cb719d9318da7694d242a0158d58207842b273091668309f046cd888e18,1337
21,0xec8e4a2937f67e129fa1c7d3a04dc97059832bb51d2371bdca6cd0f8c729f1f7,1337
21,0x90fffeab59122fa074777f82adefbe4a52b3105b41ec3bf98f6fa8c8dfa7e971,1337
21,0xfec8c2988417612bb07ec9e05a13169214f24e9182e522853d9f9a6444ae0ebf,1337
21,0xcfe31304d87e827878ec1809b9fee461728fbe288d0a69b2b244c7d6cb6112cf,1337
21,0xc748251620ff8bcdc7de89f1b8f0d4b1023790525265534bce8545a710f81662,1337
21,0x5f90a8f5399d0cf8d811e7d9f690be491dc03ebf86ea83d8afa7e1129d4f6822,1337
21,0xf309edebb439feab5bb1450f574680bee4f9ed362dcfa38485bb4892293442e1,1337
21,0x6e9354ad55c9eff2973757c7d58accc2b294e8a77d37b03b111d4ca9b7132d80,1337
21,0x6894f192c27e45fe5094ece9bd4f5cadf1590fc5964c04b01d7dd08796000485,1337
21,0x42d5f4b05f87c04d3a79afa3fa157b651dc76fb0d71039880bb37b748dfe5478,1337
21,0x8725c3ca84b88b5d9beaf87d7cb573889a5d004c5e50bcad5b4b90cbea3e6424,1337
21,0x1f36572c9a957601d291c55072687fa638bbddbdc3db2a144a0770664a82efbf,1337
21,0x0b47d287fea516f55839cfe319f0c82429094aa5a9a76130ad04ff6801248ef9,1337
21,0xec5b98585a37c5265e405c55c41f8410dda3eaf4fcd1177dc1af423ae8dd2e94,1337
21,0xdeb8949862390fdd9882e2e42c7f98de9fa34c59a99bef175c4fff2e29df70aa,1337
21,0xf43e5128e091058180beb7b9d49c1f9a6d4ec3b5f32498ff564e68f86e47de0e,1337
21,0xde3220ad989c4107528ac842af19b4bfca1975a784ee7c089a406d76f01b6033,1337
21,0xeffbde41352c3f7b58707ced936de858f28b5269db92c22e4012af66b02afa91,1337
21,0xa1bc3ced1d0fc4e8dae90459bfde10d4a704f35f66d803fa4eb8cad4e375fc63,1337
21,0x067e340ca2f2f894f1108cd2c07b63a07f05076bee8219d0ef26d48a29d52c27,1337
21,0x82158278f8b0c9520563f0b546fdedb4f2f1a5dd7f55347b4ae1b882f056912a,1337
21,0x4b5fb39958a70d324120afa40a96d8b909ca0561141ac5b7c9d2c56844e22696,1337
21,0xf63f0914b9bb42f853454865c67bd99027950d13fb5e0e938451b64d88c314d1,1337
21,0xc2021be3a668120fa4af8c81194ba302f8565e8d04d5ed3b5bd672c34fbb38ab,1337
21,0xe98f1a64172f84418d284bdbf42f16e20edd842b2ae363df99c3416fdf9ad663,1337
21,0x70005779295ce2faa26b1ffd82cc6a0de4c28dcf0f994143bd3a3e965e93670b,1337
21,0x1f135f1defb663127c9aad9ac86eebd7abdf2c671234c25b0e70f8b04632c637,1337
14443,2432148124812418274,1337